"cd","type","status","margin_favor","margin","CDFP","STUSAB","STATE","AREALAND","POP100","total_pop","white_pop","black_pop","amind_alaskan","asian_pop","total_pop_hispornot","hispanic_pop","not_hispanic_pop","white_nothisp","black_nothisp","asian_nothisp","mean_income","pop_25plus","bachelors_plus"
"AK00","Lean Dem","Flipped to D","D",10,"00","AK",2,1478941109938,733391,733391,435392,21898,111575,44032,733391,49824,683567,421758,20731,43449,98814.0255328988,483436,144967
"AL01","R","","R",68,"01","AL",1,14326248359,716179,716179,459890,186869,8554,10865,716179,27189,688990,453846,185720,10751,71177.2844513351,482953,124446
"AL02","R","","R",40,"02","AL",1,27402761758,724552,724552,434831,222156,3537,13439,724552,31938,692614,427718,220770,13300,69622.7165723788,491927,123418
"AL03","R","","R",46,"03","AL",1,21404587070,717664,717664,479226,177001,2636,12254,717664,26881,690783,473108,175829,12157,65452.9404683536,472603,99457
"AL04","R","","R",71,"04","AL",1,22798207879,716271,716271,581844,51521,7918,4508,716271,53719,662552,572826,50909,4423,62371.9402032343,484220,86013
"AL05","R","","R",38,"05","AL",1,8720029744,723379,723379,503733,125664,5591,13633,723379,47589,675790,495047,124369,13482,82585.1978178036,475174,160716
"AL06","R","","R",69,"06","AL",1,8355377302,715744,715744,495952,139373,3017,13608,715744,46771,668973,488592,138548,13517,94842.5144003686,468381,173089
"AL07","D","","D",29,"07","AL",1,28168248543,710490,710490,264976,393578,2372,8353,710490,29960,680530,260214,392014,8288,58728.0804559387,468748,109905
"AR01","R","","R",48,"01","AR",5,51370628333,750203,750203,558695,129075,3271,5107,750203,29160,721043,550986,128429,5028,60665.5873421548,516771,88933
"AR02","R","","R",25,"02","AR",5,13829073354,757170,757170,508979,156289,4257,13645,757170,47008,710162,499835,154696,13513,75807.5966890506,507924,158470
"AR03","R","","R",31,"03","AR",5,10946274075,757858,757858,536826,22441,13536,26783,757858,124225,633633,513665,21688,26480,81742.5454431634,478702,142668
"AR04","R","","R",45,"04","AR",5,58514874739,746293,746293,510012,145978,6113,6304,746293,56454,689839,499064,145071,6189,59882.5369816523,523325,92624
"AZ01","Toss Up","","R",0.87,"01","AZ",4,4296743099,801083,801083,587147,26751,16312,36648,801083,131551,669532,559231,25314,36037,119096.386654504,623043,301530
"AZ02","Lean Rep","Flipped to R","R",8,"02","AZ",4,154702701501,809839,809839,485026,17639,169628,10080,809839,139272,670567,447790,16532,9630,68467.6645735857,565363,131546
"AZ03","D","","D",54,"03","AZ",4,520816322,773524,773524,240794,83339,27534,21250,773524,481248,292276,153012,78932,19968,64834.6466017146,468588,75211
"AZ04","Likely Dem","","D",12,"04","AZ",4,460438849,789239,789239,482765,44220,23539,44651,789239,210874,578365,435783,41386,43530,83204.0878894002,545185,194933
"AZ05","R","","R",19,"05","AZ",4,968435604,787420,787420,566105,29151,8694,47337,787420,139181,648239,528137,27479,46401,107452.851333299,483425,180147
"AZ06","Lean Rep","Flipped to R","R",1.5,"06","AZ",4,35067544815,806927,806927,567076,30088,12443,24927,806927,200951,605976,507268,27460,23910,83344.0256844398,581178,211724
"AZ07","D","","D",29,"07","AZ",4,34312034922,777601,777601,325831,32758,33574,16233,777601,470469,307132,216834,29655,15064,61487.8600869539,483292,95247
"AZ08","R","","R",100,"08","AZ",4,1400948997,804141,804141,557029,38054,12156,36763,804141,170302,633839,516994,35733,35825,83861.2158445142,568844,175746
"AZ09","R","","R",100,"09","AZ",4,62631327166,801728,801728,510564,37150,15632,19541,801728,248405,553323,451498,34670,18472,77034.281987345,527138,102614
"CA01","R","","R",24,"01","CA",6,68140179083,761186,761186,505318,14025,19770,43310,761186,171054,590132,468429,12991,42443,76465.8671567219,511318,111951
"CA02","D","","D",49,"02","CA",6,33781307091,768659,768659,522384,13168,23978,34088,768659,157384,611275,497627,12507,33404,124326.417809162,547445,228198
"CA03","Likely Rep","","R",7,"03","CA",6,56614593013,775410,775410,563068,12577,9839,58334,775410,111157,664253,535161,11872,57255,110996.921051007,548644,211843
"CA04","D","","D",35,"04","CA",6,9365755633,755716,755716,426569,22260,13210,58012,755716,238921,516795,387435,21096,56607,107194.598127034,517346,175514
"CA05","R","Flipped to R","R",23,"05","CA",6,25561855904,784522,784522,502036,20070,13084,48384,784522,207679,576843,456946,18463,46578,96943.4755030223,553651,153300
"CA06","D","","D",13,"06","CA",6,569524897,755200,755200,388227,70796,9248,92912,755200,173575,581625,356157,67319,90781,87296.6852558221,491971,140594
"CA07","D","","D",35,"07","CA",6,2263075143,757191,757191,269777,80481,9592,177984,757191,202386,554805,237058,76862,174667,94075.1391923897,494501,157985
"CA08","D","","D",51,"08","CA",6,1314673305,774218,774218,222877,118871,11275,143280,774218,270394,503824,189228,115207,140465,102908.699760325,527804,151779
"CA09","Lean Dem","","D",12,"09","CA",6,3633930749,770936,770936,273612,59161,11931,132324,770936,318341,452595,223003,55789,127805,92452.4393116608,472976,92439
"CA10","D","","D",58,"10","CA",6,1161347659,740302,740302,385588,35513,4924,159230,740302,136647,603655,358260,33930,157237,164081.449668109,495352,265700
"CA11","D","","D",68,"11","CA",6,105568936,759461,759461,344840,40368,5349,235774,759461,107128,652333,327605,39042,233910,172258.495088151,604671,381387
"CA12","D","","D",81,"12","CA",6,240771682,762107,762107,271469,119207,10785,159512,762107,180274,581833,249978,116026,157722,124833.363555124,536992,275532
"CA13","Toss Up","","R",0.45,"13","CA",6,15782926531,736387,736387,250057,21739,21216,46418,736387,484824,251563,160684,19367,44430,74104.5162092089,428129,53281
"CA14","D","","D",38,"14","CA",6,1544136913,768863,768863,218637,41032,7671,301473,768863,187168,581695,193723,39107,298980,149247.732413901,535862,239822
"CA15","D","","D",12,"15","CA",6,389922712,761186,761186,242991,20252,7268,273140,761186,201522,559664,219555,19023,270577,166384.389235475,561493,264724
"CA16","D","","D",16,"16","CA",6,1244603121,726507,726507,343104,14358,5778,212522,726507,135175,591332,321361,13544,210922,204010.207531305,505005,305967
"CA17","D","","D",42,"17","CA",6,452630382,773575,773575,180399,15945,5657,434449,773575,127458,646117,163020,15107,432342,174860.683616525,561590,335351
"CA18","D","","D",32,"18","CA",6,12415030359,776128,776128,212716,16124,22768,92452,776128,501701,274427,143560,14440,89377,108171.791770949,475539,108138
"CA19","D","","D",39,"19","CA",6,9760932090,760515,760515,397945,17396,8762,143103,760515,189284,571231,365984,16211,141214,137614.237296817,537542,240847
"CA20","R","","R",35,"20","CA",6,26655870865,778018,778018,434398,27844,14725,60473,778018,272317,505701,374097,25346,58039,92997.3295616575,468523,127509
"CA21","D","","D",8,"21","CA",6,2396226605,745498,745498,222222,38049,18107,73752,745498,481619,263879,133407,34492,71045,65426.3309811053,440678,64942
"CA22","Toss Up","","R",3,"22","CA",6,9882296336,775283,775283,226552,38243,17283,30724,775283,563564,211719,125565,35334,28698,60610.727289007,448783,41563
"CA23","R","","R",23,"23","CA",6,45874145238,778548,778548,378672,70592,13861,35145,778548,325487,453061,308010,66295,33489,76949.8347348462,467594,86436
"CA24","D","","D",22,"24","CA",6,9569037937,755823,755823,433518,12760,13272,39327,755823,292463,463360,375002,11425,37706,107302.778427939,477406,175987
"CA25","D","","D",16,"25","CA",6,31953015701,763266,763266,276694,35238,19005,22765,763266,493770,269496,187987,32370,20542,67853.4983281168,494758,81326
"CA26","Lean Dem","","D",8,"26","CA",6,4542689388,764501,764501,383932,14166,12820,64758,764501,328051,436450,324264,12762,63202,126405.797747852,517852,181643
"CA27","Toss Up","","R",8,"27","CA",6,3639017151,756902,756902,311503,77776,10921,70896,756902,319314,437588,256320,74010,68939,105232.187859788,458063,133404
"CA28","D","","D",31,"28","CA",6,2225530448,778451,778451,248718,29783,7273,299238,778451,210215,568236,211854,28113,296454,121274.560206533,572580,257659
"CA29","D","","D",19,"29","CA",6,189640304,769882,769882,231004,31000,15145,61810,769882,491766,278116,166872,28870,60281,80820.2830735804,523333,121279
"CA30","D","","D",43,"30","CA",6,328471289,760226,760226,451349,26622,6073,97112,760226,178460,581766,422224,25126,95563,108643.017667372,592469,283354
"CA31","D","","D",17,"31","CA",6,511139989,762694,762694,191881,19301,14912,153242,762694,462900,299794,112576,17248,150540,93404.6761308229,518539,122841
"CA32","D","","D",37,"32","CA",6,721178816,745221,745221,421446,32301,6244,94229,745221,188354,556867,392137,30487,92733,150211.64251171,560671,283901
"CA33","D","","D",14,"33","CA",6,461112217,746317,746317,211956,77238,15014,53499,746317,465162,281155,129548,72687,51295,84311.2415473452,467802,93629
"CA34","D","","D",3,"34","CA",6,125887669,756944,756944,147377,32695,20464,130876,756944,493017,263927,83792,30526,128937,71745.8146073406,541072,143450
"CA35","D","","D",13,"35","CA",6,447326908,757001,757001,190480,48498,15763,91291,757001,486941,270060,112207,45295,88833,86575.3687105017,486444,102066
"CA36","D","","D",38,"36","CA",6,264036933,743383,743383,441251,26718,4339,128554,743383,122731,620652,415070,25495,126952,157062.67802033,527456,337655
"CA37","D","","D",28,"37","CA",6,137323472,756308,756308,141058,172597,16402,47708,756308,409187,347121,99922,168159,46789,81073.11732552,505710,134228
"CA38","D","","D",14,"38","CA",6,369789398,738688,738688,181694,15136,13933,156306,738688,453580,285108,99303,13447,153600,100226.632363955,521302,148751
"CA39","D","","D",15,"39","CA",6,832599047,770621,770621,226362,68430,15544,47244,770621,476278,294343,153559,64603,45469,88705.5194563864,475682,89285
"CA40","Likely Rep","","R",14,"40","CA",6,1166678356,779856,779856,412182,13781,5868,153722,779856,196797,583059,374127,12776,151755,143278.087255005,561546,277332
"CA41","Lean Rep","","R",3,"41","CA",6,3435339171,775151,775151,395883,40886,10320,62367,775151,297771,477380,338315,38394,60329,105127.161524787,522577,145725
"CA42","D","","D",34,"42","CA",6,550089147,755611,755611,205627,49935,14945,58493,755611,487324,268287,137071,47218,56501,84009.569226813,494170,117068
"CA43","D","","D",53,"43","CA",6,173013488,762905,762905,100149,184511,14195,67485,762905,433104,329801,54449,179967,65878,76045.8141624136,492324,100817
"CA44","D","","D",43,"44","CA",6,235424961,756751,756751,157455,85271,15305,89077,756751,462366,294385,94447,81946,86567,84959.6924812166,496036,103648
"CA45","Lean Rep","","R",5,"45","CA",6,263237718,749346,749346,227451,17054,6996,288422,749346,226455,522891,189545,15874,285969,109317.329700874,493431,179654
"CA46","D","","D",23,"46","CA",6,207784520,765171,765171,184664,15476,20099,123597,765171,494100,271071,114025,13789,121733,88604.9943422267,532267,111292
"CA47","Toss Up","","D",3,"47","CA",6,415421871,753556,753556,412159,11790,4017,184232,753556,130405,623151,382905,11096,182668,145846.017021307,509990,288055
"CA48","R","","R",21,"48","CA",6,9098716966,762626,762626,449717,25153,14191,56197,762626,224370,538256,404687,23193,54353,112344.767572245,531246,166013
"CA49","Toss Up","","D",5,"49","CA",6,1179313713,746801,746801,473882,17111,8188,49188,746801,204102,542699,431287,15544,47701,132950.438782069,499775,224489
"CA50","D","","D",26,"50","CA",6,652311345,755961,755961,449792,21186,5667,110395,755961,163522,592439,413315,19619,108856,132453.922372495,519481,300270
"CA51","D","","D",24,"51","CA",6,485776202,752211,752211,379138,47436,6645,124290,752211,190265,561946,340049,44418,121626,105591.01792309,538558,229227
"CA52","D","","D",33,"52","CA",6,338987666,750633,750633,174342,59124,11375,112832,750633,451823,298810,101875,55459,109037,84947.7695029123,499194,108023
"CO01","D","","D",63,"01","CO",8,399460062,721115,721115,438094,64165,10644,28087,721115,200518,520597,392696,61212,27408,105872.195761773,522227,263083
"CO02","D","","D",42,"02","CO",8,29884070416,713666,713666,566180,7229,5469,25580,713666,103331,610335,541267,6643,25260,111149.622855461,473391,269702
"CO03","R","","R",0.17,"03","CO",8,128990574218,721671,721671,538361,7031,17368,6360,721671,184935,536736,482382,5935,5988,74547.0198468213,500390,148516
"CO04","R","","R",24,"04","CO",8,84689800673,746977,746977,591074,14465,5598,27305,746977,104438,642539,561634,13581,26828,117973.909329658,479451,208462
"CO05","R","","R",16,"05","CO",8,2950176759,719568,719568,507960,43713,7425,22402,719568,128819,590749,471852,40657,21564,92225.7674885986,454434,176822
"CO06","D","","D",23,"06","CO",8,662210707,710896,710896,428526,73898,7868,42669,710896,157566,553330,396743,71161,42029,107817.644402955,485977,204183
"CO07","Likely Dem","","D",15,"07","CO",8,18476081371,717298,717298,567647,10264,7713,22577,717298,108525,608773,537287,9481,22073,106783.631967465,525121,230927
"CO08","Toss Up","","D",0.69,"08","CO",8,2366372758,722523,722523,445085,14063,12044,24847,722523,275258,447265,376802,12640,24070,91127.5673116915,459763,121158
"CT01","D","","D",24,"01","CT",9,1704443838,726324,726324,438060,114699,2663,43470,726324,128906,597418,414767,107339,43046,97433.514914834,506185,188306
"CT02","Likely Dem","","D",18,"02","CT",9,5233734299,720926,720926,577777,29584,3949,26835,720926,67045,653881,562440,26958,26540,105965.450366123,503859,186628
"CT03","D","","D",16,"03","CT",9,1217816108,710425,710425,455107,101578,3054,33869,710425,119181,591244,431387,95540,33403,100020.944028764,498498,187455
"CT04","D","","D",19,"04","CT",9,1152226804,720945,720945,434422,87458,3530,40116,720945,155890,565055,410352,82192,39686,172993.658425175,475872,248226
"CT05","Toss Up","","D",0.8,"05","CT",9,3231342134,722581,722581,486428,54986,2842,27993,722581,151417,571164,457063,48562,27620,105935.456905418,501493,183984
"DE00","D","","D",13,"00","DE",10,5046731558,989948,989948,597763,218899,5148,42699,989948,104290,885658,579851,212960,42398,92307.990357269,679870,222043
"FL01","R","","R",36,"01","FL",12,7395632744,767055,767055,548202,100555,5167,21437,767055,59090,707965,532263,98601,20921,80520.6293681957,513941,149422
"FL02","R","","R",20,"02","FL",12,26311352477,788516,788516,508854,183783,3630,17153,788516,56617,731899,493773,181459,16916,70400.2285346992,525480,148508
"FL03","R","","R",26,"03","FL",12,19054469447,772991,772991,527165,123060,2816,24160,772991,90773,682218,501396,120481,23870,66796.1039753266,511903,132384
"FL04","R","Flipped to R","R",21,"04","FL",12,4645631652,787102,787102,426323,248133,3036,20535,787102,69576,717526,410737,243659,19997,74330.601792815,509898,120315
"FL05","R","","R",100,"05","FL",12,1553568968,767334,767334,517827,90072,2590,46653,767334,92468,674866,497885,87011,46046,99446.4993322366,503414,208097
"FL06","R","","R",51,"06","FL",12,8723019795,779163,779163,579793,87620,3148,12516,779163,89017,690146,556233,85120,12240,67942.8084116528,568194,125513
"FL07","R","Flipped to R","R",17,"07","FL",12,2362109709,778071,778071,518538,73183,2798,31154,778071,160740,617331,479568,68466,30579,85045.0804047161,558842,191511
"FL08","R","","R",30,"08","FL",12,4526667888,781263,781263,578750,73254,2876,19185,781263,93707,687556,555410,70634,18776,83039.2986306659,571297,177247
"FL09","D","","D",7,"09","FL",12,4012622694,743202,743202,300967,79109,3972,31448,743202,384586,358616,223001,69653,30570,75395.4392715449,462508,133055
"FL10","D","","D",20,"10","FL",12,693632625,775199,775199,324830,193332,3464,37206,775199,237075,538124,272677,184936,36425,79188.5338704853,513549,172425
"FL11","R","","R",28,"11","FL",12,4160033187,766817,766817,487996,94912,3056,30486,766817,147927,618890,454137,91239,30063,88685.5011245639,532712,171746
"FL12","R","","R",41,"12","FL",12,4408007512,797062,797062,628102,38108,3180,16614,797062,109715,687347,597254,35364,16205,68024.9844093958,575578,125027
"FL13","Lean Rep","Flipped to R","R",8,"13","FL",12,586164480,767473,767473,589360,50749,2970,27320,767473,85246,682227,569169,48815,26969,80913.513557492,602638,188310
"FL14","D","","D",14,"14","FL",12,725855865,784466,784466,413561,145412,2967,31991,784466,216030,568436,361541,138916,31395,88506.9762057096,562035,204060
"FL15","Likely Rep","","R",17,"15","FL",12,1599256209,752533,752533,422228,113078,4235,39646,752533,192162,560371,377646,107492,39126,78107.9499570997,498141,151538
"FL16","R","","R",24,"16","FL",12,2999625636,775141,775141,504806,89208,3534,22783,775141,164709,610432,467236,84993,22336,86985.0082204853,536672,169453
"FL17","R","","R",28,"17","FL",12,3804205670,785879,785879,616804,43350,3089,13057,785879,109940,675939,591327,41468,12840,85449.2994416137,612739,181232
"FL18","R","","R",49,"18","FL",12,16568579355,772021,772021,480189,99534,5099,12692,772021,209115,562906,425084,95748,12386,66381.3967089486,544086,97585
"FL19","R","","R",36,"19","FL",12,1735574522,765424,765424,570821,46286,3089,13998,765424,142910,622514,537992,43996,13692,100979.995475318,589303,204265
"FL20","D","","D",45,"20","FL",12,3737074025,797249,797249,215749,380306,3472,20809,797249,190788,606461,177197,373415,20301,67357.2599767176,547967,133726
"FL21","R","","R",27,"21","FL",12,5817292211,849922,849922,567587,112855,4537,19430,849922,152247,697675,532983,109691,19073,98025.2301104373,568507,184958
"FL22","D","","D",10,"22","FL",12,647848286,768229,768229,431761,125384,6539,21456,768229,210192,558037,387146,121725,21094,97316.6544460651,566151,195960
"FL23","D","","D",5,"23","FL",12,416337138,762455,762455,456749,99105,2063,28454,762455,166272,596183,419480,95937,27869,104963.322696849,552817,232819
"FL24","D","","D",44,"24","FL",12,350674506,1044334,1044334,256740,411815,3314,16514,1044334,434970,609364,160464,399891,15820,76799.6642390659,549200,152559
"FL25","D","","D",10,"25","FL",12,502494751,750363,750363,314219,119508,3498,38837,750363,324221,426142,241554,114158,37833,96145.0060609053,531385,198034
"FL26","R","","R",42,"26","FL",12,5167916828,879810,879810,311754,53531,3141,10824,879810,641920,237890,164703,47801,10166,71536.7625556798,564717,140736
"FL27","Likely Rep","","R",15,"27","FL",12,325588240,772779,772779,266578,40571,2218,15728,772779,569102,203677,133035,36451,14955,101575.452330623,569446,222194
"FL28","R","","R",27,"28","FL",12,6508911605,756899,756899,249525,70186,3551,12718,756899,549456,207443,115110,65066,11922,81875.2996919473,512206,147267
"GA01","R","","R",18,"01","GA",13,19007033456,762720,762720,452743,213762,3009,16978,762720,59153,703567,438801,210454,16722,74927.0354907096,501183,130721
"GA02","Likely Dem","","D",10,"02","GA",13,25728609522,757440,757440,310445,374176,2501,10556,757440,44781,712659,302715,371222,10331,58243.3535993207,492319,97153
"GA03","R","","R",38,"03","GA",13,10778634452,770448,770448,503352,178540,2737,16129,770448,48837,721611,493477,176503,15972,85917.9931892395,507106,138243
"GA04","D","","D",57,"04","GA",13,1083707476,775289,775289,211236,409458,4619,47934,775289,89510,685779,200636,404670,47661,87983.3098512169,513323,207002
"GA05","D","","D",65,"05","GA",13,656810244,769266,769266,281273,381428,2575,30891,769266,57231,712035,271694,377349,30651,106363.840862924,522638,261463
"GA06","R","Flipped to R","R",24,"06","GA",13,2029338430,778949,778949,510122,69841,2975,94591,778949,80155,698794,496238,68348,94345,136222.94522855,510507,290543
"GA07","D","","D",22,"07","GA",13,815981250,762533,762533,248446,217448,6576,109577,762533,181702,580831,225678,212838,109126,97863.6605326384,479738,191651
"GA08","R","","R",37,"08","GA",13,28351725559,767322,767322,456561,231226,2633,11970,767322,55064,712258,443520,229035,11806,67387.0727890136,505871,109309
"GA09","R","","R",45,"09","GA",13,10113126245,774301,774301,520502,78733,4485,47545,774301,118636,655665,498568,77079,47264,85434.9244621478,513149,147511
"GA10","R","","R",29,"10","GA",13,13318662000,762850,762850,497843,169849,2490,17233,762850,58381,704469,486292,167914,17034,79216.9547139679,480180,128131
"GA11","R","","R",25,"11","GA",13,2936033527,742461,742461,475275,122544,3988,27680,742461,96709,645752,457262,120079,27453,99127.0247008792,490024,197094
"GA12","R","","R",19,"12","GA",13,24671063409,763299,763299,408883,276994,2366,14246,763299,43037,720262,399159,274210,14022,68383.4239716752,495704,110665
"GA13","D","","D",64,"13","GA",13,1518711394,759064,759064,139170,490120,3983,24868,759064,92809,666255,127234,484062,24586,76930.2168100217,474925,137444
"GA14","R","","R",32,"14","GA",13,8476797958,765966,765966,539632,106394,5681,8830,765966,97452,668514,520882,104356,8707,73352.6995405232,509758,105732
"HI01","D","","D",47,"01","HI",15,538426856,721097,721097,114456,13938,1466,366208,721097,55672,665425,106915,13060,360719,111151.103901687,503445,186080
"HI02","D","","D",27,"02","HI",15,16095720310,734174,734174,218805,9479,2904,175694,734174,83251,650923,207450,8817,170839,103434.880519289,492978,148409
"IA01","Lean Rep","","R",7,"01","IA",19,28087749011,797584,797584,678706,36868,2216,17561,797584,44931,752653,665052,36019,17436,79647.9883174695,530549,160140
"IA02","Lean Rep","","R",8,"02","IA",19,33417855897,797589,797589,694148,37685,3421,11964,797589,29975,767614,685368,37051,11878,80138.4238892351,533726,147896
"IA03","Lean Rep","Flipped to R","R",0.69,"03","IA",19,27642669757,797551,797551,644728,40791,3163,30905,797551,64482,733069,628821,40044,30660,87083.0721025208,523352,179408
"IA04","R","","R",37,"04","IA",19,55511414183,797645,797645,676939,16628,5686,15199,797645,76598,721047,658960,16207,15043,74556.1566872778,517237,129671
"ID01","R","","R",45,"01","ID",16,101514333954,915373,915373,761743,5604,12265,10789,915373,108273,807100,732567,5195,10390,77612.9497325242,582647,155664
"ID02","R","","R",27,"02","ID",16,112535589542,923733,923733,748617,10122,13356,16047,923733,131134,792599,717956,9590,15646,77187.6835321289,562697,172683
"IL01","D","","D",33,"01","IL",17,1661948862,750416,750416,293041,369005,2821,12512,750416,68785,681631,280233,365859,12307,80782.3298973098,505642,151017
"IL02","D","","D",34,"02","IL",17,11249636979,772346,772346,277750,363488,4278,10409,772346,116453,655893,259033,359665,10187,69207.3231508114,517931,118645
"IL03","D","","D",34,"03","IL",17,383789203,738316,738316,335958,44640,14283,44377,738316,346933,391383,286233,40828,43323,94546.3677640064,504709,171988
"IL04","D","","D",39,"04","IL",17,262032419,756806,756806,254627,37723,21221,29921,756806,494653,262153,184509,35419,29254,84943.3066080401,467293,105561
"IL05","D","","D",37,"05","IL",17,407375825,780726,780726,566249,22042,3629,86373,780726,98279,682447,546334,20855,85575,138839.457072494,561158,349072
"IL06","Lean Dem","","D",8,"06","IL",17,585970333,739128,739128,549371,43153,3069,45552,739128,99290,639838,528831,42191,45140,111547.665893362,511510,221917
"IL07","D","","D",100,"07","IL",17,173784795,713088,713088,221995,308453,4802,62014,713088,119092,593996,204008,304278,61498,102499.932866329,474623,206556
"IL08","D","","D",14,"08","IL",17,735757940,750304,750304,432230,32868,8037,105530,750304,186260,564044,403762,31405,104704,100983.434492671,510237,188492
"IL09","D","","D",42,"09","IL",17,382473399,739152,739152,456153,63662,4238,110942,739152,95489,643663,439866,62159,110191,111343.706143407,513516,273978
"IL10","D","","D",25,"10","IL",17,1386436610,765540,765540,478277,46813,7360,62213,765540,179112,586428,450224,45088,61659,136767.334863583,498286,231790
"IL11","Likely Dem","","D",12,"11","IL",17,2468621037,744364,744364,496114,44342,4816,60974,744364,141750,602614,471002,43030,60520,116198.696773881,502808,215775
"IL12","R","","R",51,"12","IL",17,36327099623,753198,753198,657406,39662,2018,7676,753198,21376,731822,651595,39082,7567,73078.0911585217,530965,122077
"IL13","Lean Dem","Flipped to D","D",12,"13","IL",17,5866987438,752678,752678,495403,156413,2571,32073,752678,37249,715429,486599,155070,31901,70544.4832683285,507122,150716
"IL14","Lean Dem","","D",8,"14","IL",17,5964448861,744925,744925,472937,71388,5558,39054,744925,167944,576981,440179,69415,38655,97301.3122222569,478156,150126
"IL15","R","","R",43,"15","IL",17,41305413291,741944,741944,672306,20711,1634,5871,741944,20653,721291,666433,20376,5779,77483.4634903032,526584,127702
"IL16","R","","R",33,"16","IL",17,22431265249,776302,776302,664051,22383,2489,18611,776302,53452,722850,650693,21719,18502,88158.3848808703,525515,153568
"IL17","Toss Up","","D",3,"17","IL",17,12641152140,750630,750630,527976,106407,3440,15634,750630,84700,665930,508424,104302,15435,65319.3317852553,496888,116252
"IN01","Toss Up","","D",6,"01","IN",18,2980594559,750429,750429,476257,143335,3899,10391,750429,124194,626235,444862,139780,10122,78240.9666822955,501170,119834
"IN02","R","","R",32,"02","IN",18,11267096814,781777,781777,610338,54758,4123,11775,781777,87759,694018,591832,53551,11643,72326.6708373093,490348,112802
"IN03","R","","R",35,"03","IN",18,11845594842,794184,794184,649735,49229,2897,21515,794184,53647,740537,637393,48263,21368,73105.6450610689,497806,116676
"IN04","R","","R",36,"04","IN",18,15786658450,766051,766051,634409,29874,2670,24532,766051,54781,711270,622421,29382,24411,83173.1692417846,481926,144986
"IN05","R","","R",22,"05","IN",18,5976176137,779293,779293,641842,46390,1919,27546,779293,35856,743437,632806,45614,27380,92615.3201771088,489314,185294
"IN06","R","","R",35,"06","IN",18,8463307034,756387,756387,622392,31017,2107,39387,756387,39557,716830,613490,30466,39251,78020.0939049149,489478,132331
"IN07","D","","D",36,"07","IN",18,715928134,752219,752219,356074,250994,4466,14856,752219,111692,640527,340094,248237,14680,71507.7184473454,497349,164605
"IN08","R","","R",34,"08","IN",18,20873235304,766701,766701,676938,32658,1939,8255,766701,23486,743215,670088,32212,8184,70680.9026118674,513508,110906
"IN09","R","","R",29,"09","IN",18,15583838601,757996,757996,665524,21548,2513,13773,757996,31526,726470,657831,21122,13658,73876.6260750694,505281,125360
"KS01","R","","R",36,"01","KS",20,130258163998,743227,743227,586995,20523,8859,13635,743227,115875,627352,554851,19351,13359,71371.6305302921,468403,135681
"KS02","R","","R",15,"02","KS",20,39578172237,749556,749556,545737,65532,9637,13753,749556,97260,652296,521505,63685,13517,69222.7635850364,482959,124735
"KS03","Lean Dem","","D",12,"03","KS",20,5822559430,726355,726355,562992,33904,3630,34495,726355,72339,654016,545962,33040,34278,113627.946196574,481566,245046
"KS04","R","","R",27,"04","KS",20,36807330542,736310,736310,539878,50300,9041,24581,736310,99279,637031,512765,48671,24253,75281.6062227228,479062,143151
"KY01","R","","R",50,"01","KY",21,29789604036,751418,751418,637814,54052,2175,5470,751418,28640,722778,629902,53365,5374,63605.0246066349,508002,99383
"KY02","R","","R",44,"02","KY",21,18879204453,755644,755644,639210,41375,2283,15646,755644,31481,724163,631398,40730,15535,74097.0140300443,498293,109322
"KY03","D","","D",24,"03","KY",21,795390916,747675,747675,471636,166456,2443,24984,747675,57785,689890,462281,164649,24824,78640.066382749,509569,167366
"KY04","R","","R",34,"04","KY",21,12624784308,753428,753428,660240,25969,2084,8599,753428,31942,721486,652318,25506,8510,86737.2363605053,505886,143662
"KY05","R","","R",64,"05","KY",21,30289469282,744492,744492,701762,10804,1532,3160,744492,11407,733085,697453,10588,3102,52636.5963071096,519097,73912
"KY06","R","","R",30,"06","KY",21,9904343085,753179,753179,600592,63761,2284,16567,753179,46599,706580,591412,62926,16498,78706.9081958698,493644,165687
"LA01","R","","R",48,"01","LA",22,9119994725,762143,762143,520733,107950,9691,18891,762143,92409,669734,502881,106176,18581,86132.08157869,521867,168161
"LA02","D","","D",54,"02","LA",22,3124409857,758965,758965,224091,434828,3071,19939,758965,66918,692047,214819,430606,19692,65066.0762795428,531899,131091
"LA03","R","","R",53,"03","LA",22,17268201260,785990,785990,514305,194764,4062,13434,785990,41492,744498,506097,193428,13326,72651.1659524883,515743,116447
"LA04","R","","R",100,"04","LA",22,34101768440,774300,774300,439181,264511,6482,8040,774300,35210,739090,430166,262978,7917,67058.8283687477,530530,104883
"LA05","R","","R",52,"05","LA",22,38466565135,783624,783624,463896,261188,3660,7313,783624,29700,753924,456909,259725,7172,62470.163592639,523074,100807
"LA06","R","","R",67,"06","LA",22,9888405163,804989,804989,503172,204229,4786,18896,804989,57392,747597,493422,202925,18722,89680.0863653018,516407,159158
"MA01","D","","D",23,"01","MA",25,5966961444,779303,779303,571508,49066,3074,17742,779303,145078,634225,541395,42797,17433,82997.5951027774,541444,163289
"MA02","D","","D",32,"02","MA",25,4420249843,782241,782241,570505,44987,2190,57543,782241,87623,694618,553154,41876,57256,107130.45994531,507881,222920
"MA03","D","","D",28,"03","MA",25,1943841122,771798,771798,492194,35494,3319,62983,771798,169893,601905,466664,29743,62426,106859.184237116,510392,189666
"MA04","D","","D",100,"04","MA",25,1746502887,780529,780529,618225,27319,1601,52304,780529,47525,733004,608462,25448,52070,134532.569986095,530197,252848
"MA05","D","","D",48,"05","MA",25,577732905,789670,789670,520390,43265,2069,101777,789670,82545,707125,507727,41479,101419,144846.347274985,538258,318838
"MA06","D","","D",27,"06","MA",25,1397483372,791761,791761,619216,27485,2507,39666,791761,85157,706604,607189,24827,39307,127936.906455911,559137,265238
"MA07","D","","D",69,"07","MA",25,163296198,823745,823745,361272,168217,3911,93627,823745,175411,648334,338666,157690,93092,103053.760173692,521506,241718
"MA08","D","","D",39,"08","MA",25,762513220,794095,794095,529620,80900,1838,77181,794095,56074,738021,520373,77159,76866,126932.130320418,559929,275588
"MA09","D","","D",19,"09","MA",25,3241284018,778769,778769,655267,21960,3623,9987,778769,46424,732345,646101,20283,9877,109455.360141518,546587,214037
"MD01","R","","R",13,"01","MD",24,10070225316,788128,788128,576051,118587,2456,20260,788128,43662,744466,567615,116445,20095,100796.428704124,539198,175604
"MD02","D","","D",16,"02","MD",24,2047727950,750145,750145,453588,181624,2418,43721,750145,45267,704878,446004,179354,43501,111649.195596542,512727,222802
"MD03","D","","D",20,"03","MD",24,1317513637,783913,783913,456275,140199,3007,85145,783913,70242,713671,445082,137586,84709,138044.815051744,523751,264722
"MD04","D","","D",80,"04","MD",24,582970836,772068,772068,98930,428868,8160,41239,772068,193888,578180,84225,423587,40833,96737.9534481862,490044,154496
"MD05","D","","D",31,"05","MD",24,3897693715,765751,765751,342510,309928,3559,24345,765751,55148,710603,333220,305854,23994,127103.608086308,510351,198590
"MD06","Likely Dem","","D",7,"06","MD",24,6208609144,784965,784965,484108,102903,3922,67261,784965,108205,676760,467752,100268,66736,105805.288545692,520701,198272
"MD07","D","","D",63,"07","MD",24,335967719,772933,772933,238410,412797,3623,31231,772933,66237,706696,230325,409114,30997,74741.5803589112,542746,160856
"MD08","D","","D",61,"08","MD",24,691187448,759321,759321,358002,125566,4700,107742,759321,147096,612225,339559,122819,107097,163569.96463263,525180,327836
"ME01","D","","D",26,"01","ME",23,8545467837,682922,682922,615404,15416,2106,10969,682922,15057,667865,610881,15050,10888,89018.0124308903,489618,192027
"ME02","Toss Up","","D",6,"02","ME",23,71342961135,679437,679437,621637,10336,5779,5829,679437,11552,667885,617383,10065,5780,67751.7255503799,492767,127148
"MI01","R","","R",22,"01","MI",26,70072604262,781463,781463,704978,7272,19137,4354,781463,15995,765468,699101,7125,4268,67198.0828070893,567606,143987
"MI02","R","","R",29,"02","MI",26,24930311730,776616,776616,695358,16103,6546,4381,776616,36252,740364,681676,15669,4305,71093.2439194259,533705,111126
"MI03","Lean Dem","Flipped to D","D",13,"03","MI",26,1979623680,771505,771505,557719,87898,5045,23361,771505,82598,688907,540628,85514,23151,83155.6914666629,498966,175948
"MI04","R","","R",12,"04","MI",26,6284067098,774975,774975,597716,65918,4738,19290,774975,66300,708675,582082,64383,19004,79521.7630359038,504050,153926
"MI05","R","","R",28,"05","MI",26,13359356938,769283,769283,662295,32286,3829,6738,769283,39943,729340,649728,31474,6652,74698.8393539147,529477,115751
"MI06","D","","D",32,"06","MI",26,2626777321,779626,779626,549273,78066,2326,81761,779626,38555,741071,538906,76914,81540,108721.946875602,503956,250824
"MI07","Toss Up","","D",5,"07","MI",26,7139011170,766183,766183,624660,46959,3245,24862,766183,43561,722622,611465,45482,24677,87044.8951163116,511546,178293
"MI08","Lean Dem","","D",10,"08","MI",26,5657194437,772764,772764,581072,117167,3287,8736,772764,41421,731343,566787,115138,8625,70263.5251822992,537668,123085
"MI09","R","","R",31,"09","MI",26,12112386200,783595,783595,698821,17932,2530,10339,783595,30184,753411,689207,17453,10231,92631.2323138709,547771,149561
"MI10","Likely Rep","Flipped to R","R",0.49,"10","MI",26,590940555,778733,778733,572765,104199,2037,47437,778733,23587,755146,566661,103344,47262,82191.9607311795,545822,155048
"MI11","D","","D",23,"11","MI",26,809932363,771675,771675,537228,101312,2132,66295,771675,41208,730467,527729,99885,66120,107968.020809324,550421,262628
"MI12","D","","D",45,"12","MI",26,495653843,774367,774367,361773,346133,2234,14160,774367,25194,749173,356022,343836,14042,67496.7406179547,503491,128591
"MI13","D","Flipped to D","D",47,"13","MI",26,556744676,776546,776546,301316,355334,4175,22586,776546,79624,696922,285659,352241,22411,59732.4564797524,519195,106363
"MN01","Likely Rep","","R",12,"01","MN",27,32187508542,722908,722908,607164,28469,3770,20699,722908,51610,671298,595569,27975,20483,84366.4780557315,472836,142546
"MN02","Toss Up","","D",5,"02","MN",27,4261804425,715247,715247,547945,45372,4629,40846,715247,54279,660968,537592,44628,40559,111935.702368248,457732,187738
"MN03","D","","D",19,"03","MN",27,1199569556,695354,695354,502159,66177,3185,61573,695354,36433,658921,496096,65510,61329,129069.18712462,480579,237599
"MN04","D","","D",35,"04","MN",27,845958352,702266,702266,445276,80504,5216,97632,702266,52289,649977,434999,79070,97286,99887.9020924816,466817,207192
"MN05","D","","D",50,"05","MN",27,358955830,741019,741019,453906,127792,10212,47965,741019,74105,666914,443734,126344,47637,94918.0581840895,487193,233744
"MN06","R","","R",24,"06","MN",27,6518378628,724654,724654,615301,33718,3131,21675,724654,27142,697512,608792,33428,21536,104537.012104499,461168,153210
"MN07","R","","R",39,"07","MN",27,79750333801,703867,703867,629376,11346,6992,6318,703867,37378,666489,619795,11062,6205,76573.0598239422,474074,106607
"MN08","R","","R",14,"08","MN",27,82667037602,733454,733454,643582,8862,31724,6272,733454,14083,719371,638568,8608,6209,78471.2490534457,502039,129939
"MO01","D","","D",48,"01","MO",29,667462826,782760,782760,328000,358220,2361,30017,782760,35314,747446,321563,356155,29822,75802.6511870042,545373,194131
"MO02","R","","R",12,"02","MO",29,4501249993,753988,753988,640920,23623,1658,35253,753988,24180,729808,635104,23308,35096,114016.57459108,519970,244664
"MO03","R","","R",30,"03","MO",29,19627053899,760015,760015,648874,36741,2231,14957,760015,25163,734852,642071,36336,14831,85693.6850959968,509081,167642
"MO04","R","","R",45,"04","MO",29,37153644604,762468,762468,647103,33812,4459,8597,762468,36627,725841,635381,33007,8446,70506.9439415826,506762,118670
"MO05","D","","D",24,"05","MO",29,1036020410,763897,763897,458091,170062,4822,18658,763897,85908,677989,439780,167790,18400,75803.2014675254,510963,164706
"MO06","R","","R",43,"06","MO",29,52562871090,782136,782136,683294,28000,3261,8211,782136,30096,752040,673917,27474,8088,76331.0005323832,526641,131297
"MO07","R","","R",44,"07","MO",29,15035943077,776057,776057,654817,15503,8692,11624,776057,47117,728940,642936,15106,11497,66499.3539420331,509651,129259
"MO08","R","","R",54,"08","MO",29,47509804535,780787,780787,684596,34933,3058,6365,780787,18888,761899,678456,34629,6283,62603.3336328011,548351,100215
"MS01","R","","R",46,"01","MS",28,25935372546,750565,750565,487634,208468,1861,7138,750565,28487,722078,482385,207614,7066,67441.0534193888,494047,107148
"MS02","D","","D",19,"02","MS",28,46920215542,753057,753057,245094,473507,2697,4490,753057,17185,735872,241744,471326,4399,55522.6545516887,508361,103298
"MS03","R","","R",41,"03","MS",28,30877166182,744936,744936,443146,248426,8688,8860,744936,21110,723826,439738,247329,8792,70327.7251344422,490879,129041
"MS04","R","","R",49,"04","MS",28,18621513256,735346,735346,490463,168465,3254,12277,735346,38792,696554,482567,167067,12101,67609.2621431073,489825,111712
"MT01","Lean Rep","","R",3,"01","MT",30,104324235625,542204,542204,467079,2071,24915,4565,542204,22181,520023,459904,1952,4461,76518.5337981319,367631,133334
"MT02","R","","R",35,"02","MT",30,272649438270,542021,542021,449445,3413,42697,3735,542021,23018,519003,441414,3125,3616,77145.1078459461,367057,110162
"NC01","Likely Dem","","D",5,"01","NC",37,21239552179,778431,778431,380285,312581,6505,7155,778431,57162,721269,371387,310101,7072,62172.1570324565,534577,112096
"NC02","D","","D",29,"02","NC",37,1316697630,749215,749215,439112,128045,3582,80452,749215,80091,669124,427393,125422,80173,114799.122494488,491472,282295
"NC03","R","","R",34,"03","NC",37,19762396950,743107,743107,492684,135145,5157,11117,743107,82947,660160,476542,132785,10767,67146.6435841605,501836,111824
"NC04","D","","D",34,"04","NC",37,5727143929,752227,752227,408906,190940,5241,32840,752227,99291,652936,396101,188635,32627,86607.5213473748,498293,207896
"NC05","R","","R",26,"05","NC",37,11737100379,752059,752059,559831,86891,3707,10986,752059,77647,674412,548330,85230,10871,69825.0624753483,520566,135125
"NC06","Likely Dem","","D",9,"06","NC",37,4068858876,744199,744199,390219,231546,4357,30731,744199,71928,672271,379300,228599,30486,74325.756305042,497966,158556
"NC07","R","","R",16,"07","NC",37,13195192358,730059,730059,460935,132067,52630,7890,730059,56650,673409,451240,130285,7741,71260.2179529657,531543,148745
"NC08","R","","R",40,"08","NC",37,9392754489,749284,749284,533181,103373,4483,16220,749284,75777,673507,521621,102015,16100,79554.1459785455,505674,121808
"NC09","R","","R",13,"09","NC",37,9774866700,766553,766553,442682,179864,14452,15061,766553,97632,668921,423682,175632,14700,70621.8251931634,507699,134481
"NC10","R","","R",45,"10","NC",37,7691083761,741728,741728,571608,73514,4139,17426,741728,57325,684403,561456,72464,17225,72828.1920486167,515926,113898
"NC11","R","","R",9,"11","NC",37,15849478144,746829,746829,624068,26359,12415,6978,746829,56907,689922,613425,25749,6828,70738.2919518886,547052,176049
"NC12","D","","D",25,"12","NC",37,1165602701,746081,746081,315250,257592,4570,42781,746081,115210,630871,300729,253394,42492,85444.2131280884,472267,175563
"NC13","Toss Up","Flipped to D","D",3,"13","NC",37,4559389232,733444,733444,448810,148435,5001,19631,733444,99661,633783,432941,145961,19432,87064.3802605426,471498,163334
"NC14","D","","D",15,"14","NC",37,1227204928,760150,760150,446668,151402,4133,45122,760150,98704,661446,432615,148581,44877,107872.080787634,500404,232220
"ND00","R","","R",25,"00","ND",38,178698456949,779094,779094,645938,26783,38914,13213,779094,33412,745682,636160,26152,13050,85505.9414254238,497525,152653
"NE01","R","","R",16,"01","NE",31,16244130669,660968,660968,531993,22365,5355,19174,660968,71597,589371,515416,21674,18968,82784.6856100125,414546,142405
"NE02","Toss Up","","R",3,"02","NE",31,3151914538,649323,649323,457381,65359,5979,28738,649323,83238,566085,439538,64328,28495,93117.4510311506,407937,165300
"NE03","R","","R",63,"03","NE",31,179561328324,651213,651213,548678,8811,11768,5039,651213,79880,571333,529733,8403,4896,72036.7794824489,437057,101610
"NH01","Toss Up","","D",8,"01","NH",33,5877323950,689955,689955,610104,10998,1445,17313,689955,29841,660114,602218,10227,17180,102877.626261696,482210,183260
"NH02","Lean Dem","","D",12,"02","NH",33,17312790028,687574,687574,606099,9129,1586,18558,687574,29613,657961,598431,8428,18424,99684.5033855577,488952,181425
"NJ01","D","","D",27,"01","NJ",34,959484386,774408,774408,479904,130605,3113,41346,774408,115429,658979,461541,123192,41012,96485.0287616266,518364,166199
"NJ02","R","","R",20,"02","NJ",34,5159260486,788585,788585,518967,96085,4810,31121,788585,139137,649448,495780,89981,30752,93482.3386813347,534294,150794
"NJ03","Lean Dem","","D",11,"03","NJ",34,2792382341,774397,774397,505435,99060,2305,66346,774397,87822,686575,489595,95335,65925,128198.935947755,523823,224693
"NJ04","R","","R",36,"04","NJ",34,1701265013,775973,775973,640155,27134,2517,20203,775973,79860,696113,623969,25399,19952,110092.465106918,499624,185021
"NJ05","Likely Dem","","D",10,"05","NJ",34,1749666558,778040,778040,481179,43798,3007,124761,778040,126020,652020,460516,40413,124044,148945.190665011,536098,280354
"NJ06","D","","D",16,"06","NJ",34,496244079,774833,774833,351482,86518,4807,150090,774833,190292,584541,323265,80974,149383,110677.626166388,508379,204580
"NJ07","Lean Rep","Flipped to R","R",4,"07","NJ",34,3434921957,777442,777442,566662,38423,1910,66133,777442,96239,681203,548551,36504,65648,154713.054441864,531835,277009
"NJ08","D","","D",49,"08","NJ",34,113109922,777688,777688,246005,71322,8868,90351,777688,398504,379184,192391,62118,89413,99824.8540608951,501056,184555
"NJ09","D","","D",10,"09","NJ",34,314519675,782232,782232,340086,71223,8369,71846,782232,324153,458079,299299,63375,70695,99530.5397531762,508166,161528
"NJ10","D","","D",57,"10","NJ",34,203869595,779264,779264,170682,386455,4236,51482,779264,165262,614002,149566,374953,50785,83969.2733447355,491917,150657
"NJ11","D","","D",17,"11","NJ",34,1022841053,770176,770176,497956,48367,2571,91972,770176,126987,643189,476115,45634,91324,160302.679191352,512627,287949
"NJ12","D","","D",22,"12","NJ",34,1125920468,768688,768688,326604,125116,4944,148996,768688,164871,603817,306956,120304,148508,127314.596837027,503318,239723
"NM01","D","","D",12,"01","NM",35,48630776728,767199,767199,442185,21218,43268,21716,767199,318884,448315,342407,18005,20606,76020.5063176713,513849,186771
"NM02","Toss Up","Flipped to D","D",0.69,"02","NM",35,129009926436,694999,694999,334428,15812,35518,8525,694999,418151,276848,209147,12826,7806,63400.9914119517,436332,96665
"NM03","Likely Dem","","D",16,"03","NM",35,136637221746,703321,703321,329489,10097,135762,8579,703321,295520,407801,241675,8491,8118,69971.8758488119,465117,114852
"NV01","Toss Up","","D",6,"01","NV",32,1779304408,800662,800662,372372,83380,9363,66743,800662,278865,521797,323923,79181,65004,76627.5844281052,507724,120438
"NV02","R","","R",22,"02","NV",32,169724936790,789796,789796,532148,16635,18504,34403,789796,184382,605414,494656,15608,33390,89394.3315427444,520592,142559
"NV03","Toss Up","","D",4,"03","NV",32,8398799077,758848,758848,364476,77137,5878,132339,758848,161963,596885,331774,74181,129912,94572.9376698164,543084,169022
"NV04","Lean Dem","","D",5,"04","NV",32,107894301753,851220,851220,367475,137605,11130,48911,851220,292091,559129,318700,132690,47172,75694.1045774674,522420,100978
"NY01","Lean Rep","","R",12,"01","NY",36,1636965594,776272,776272,577210,35549,3758,40425,776272,120363,655909,555651,33390,40102,146339.688329514,528364,236462
"NY02","Likely Rep","","R",22,"02","NY",36,743196348,774603,774603,468234,78889,5459,25838,774603,214289,560314,433713,74007,25397,122309.438620678,522266,158233
"NY03","Toss Up","Flipped to R","R",8,"03","NY",36,458773396,798705,798705,452823,31256,2897,194867,798705,112951,685754,433811,29573,194071,159251.86333964,562117,272597
"NY04","Toss Up","Flipped to R","R",4,"04","NY",36,295988003,779527,779527,419170,131723,4238,55386,779527,171805,607722,395992,126724,54773,143385.692505479,520440,221081
"NY05","D","","D",50,"05","NY",36,121482404,760867,760867,113045,320370,11183,112950,760867,155300,605567,97301,308512,112042,94282.768393387,519631,142047
"NY06","D","","D",27,"06","NY",36,60336747,773967,773967,208893,35195,6339,346024,773967,184769,589198,187143,31767,344402,88887.409872343,537018,199072
"NY07","D","","D",61,"07","NY",36,58684896,805997,805997,317055,101308,8958,111610,805997,279068,526929,284846,88746,110272,100548.219846069,509894,203266
"NY08","D","","D",45,"08","NY",36,68301271,778897,778897,229621,347214,4394,65663,778897,128977,649920,214676,328668,65032,78843.292353703,514559,169198
"NY09","D","","D",64,"09","NY",36,39540112,781924,781924,268828,316105,4029,76415,781924,88110,693814,260240,305644,75796,84527.8212040819,501129,176346
"NY10","D","","D",69,"10","NY",36,40966607,789182,789182,399323,56217,5797,171736,789182,155461,633721,374857,48736,170728,163214.970715726,518986,306484
"NY11","Likely Rep","","R",24,"11","NY",36,166193387,762764,762764,418720,56428,6229,154609,762764,139509,623255,395454,50468,153583,102426.749522834,510131,181457
"NY12","D","","D",64,"12","NY",36,22569019,806288,806288,544416,43091,2005,115269,806288,91361,714927,523334,38045,114202,209892.453939812,587614,464442
"NY13","D","","D",100,"13","NY",36,30828320,754189,754189,141711,210616,10330,36782,754189,401182,353007,108864,179908,35677,71188.830501924,548271,176311
"NY14","D","","D",43,"14","NY",36,81794490,781368,781368,180849,145027,14526,91420,781368,398539,382829,139376,124700,90325,77499.0505534981,493842,130982
"NY15","D","","D",65,"15","NY",36,48453736,775874,775874,113828,259415,11470,26723,775874,430923,344951,74477,221311,25830,59258.4036956988,477623,98244
"NY16","D","","D",28,"16","NY",36,355371147,813336,813336,348805,183941,6871,53735,813336,231111,582225,320821,172543,53043,140087.515317793,524564,234898
"NY17","Toss Up","Flipped to R","R",0.82,"17","NY",36,2108236041,773083,773083,521142,59059,3628,39405,773083,154125,618958,497446,54929,38853,147332.191760966,509095,237319
"NY18","Lean Dem","","D",0.99,"18","NY",36,5145308465,784036,784036,519542,84787,4725,24198,784036,143875,640161,492127,77904,23657,101201.168695601,507324,167757
"NY19","Toss Up","Flipped to R","R",2,"19","NY",36,20172774912,777726,777726,636786,35239,2497,27339,777726,51883,725843,623140,32198,27145,77325.662164377,523538,160795
"NY20","D","","D",10,"20","NY",36,4184172477,784812,784812,579438,76352,2654,44805,784812,50202,734610,568008,71134,44540,93308.7143471096,521631,207286
"NY21","R","","R",19,"21","NY",36,42683033671,780399,780399,690483,20221,7090,8406,780399,31803,748596,679522,18362,8231,76352.3375798009,549426,136439
"NY22","Toss Up","","R",0.98,"22","NY",36,6856550085,781581,781581,602161,75612,4567,32073,781581,43931,737650,591554,71760,31838,80905.4790021583,523090,169400
"NY23","R","","R",30,"23","NY",36,16533704408,771012,771012,686913,18802,6660,9040,771012,29016,741996,678165,17478,8937,78721.3918307782,546514,153752
"NY24","R","","R",33,"24","NY",36,16868612745,770027,770027,681336,23006,2867,6253,770027,32883,737144,671513,21271,6179,76291.1975717974,538679,130636
"NY25","Likely Dem","","D",7,"25","NY",36,2325465219,784150,784150,542246,120040,2252,32797,784150,74058,710092,526895,113809,32460,83311.6958013874,531002,204811
"NY26","D","","D",28,"26","NY",36,1168002469,794418,794418,532597,142720,5138,44790,794418,55829,738589,518716,137810,44525,73520.3162153348,522409,173477
"OH01","Toss Up","Flipped to D","D",5,"01","OH",39,1550512967,778436,778436,534287,147335,1684,34819,778436,31400,747036,528227,146262,34640,96757.2278369642,511846,224156
"OH02","R","","R",49,"02","OH",39,18991489267,784990,784990,722372,15773,2006,4611,784990,11728,773262,718549,15529,4559,71222.7114408871,547211,104961
"OH03","D","","D",40,"03","OH",39,566330346,783466,783466,440319,218019,2549,43513,783466,49194,734272,431991,215697,43309,83808.7727250963,517286,223937
"OH04","R","","R",39,"04","OH",39,12562936651,791404,791404,679841,38080,1669,24065,791404,19805,771599,673712,37667,23993,83130.2119434548,524364,135911
"OH05","R","","R",34,"05","OH",39,14374335349,783227,783227,674684,31552,2027,7179,783227,57098,726129,656771,29360,7091,73909.2203752384,527354,118328
"OH06","R","","R",35,"06","OH",39,12537334860,787564,787564,679894,51601,2587,4101,787564,25425,762139,672999,50274,4055,65813.8728154238,565367,106619
"OH07","R","","R",11,"07","OH",39,3598065708,791109,791109,691918,24005,1187,23972,791109,28983,762126,683921,23194,23816,94321.9096189098,544258,192493
"OH08","R","","R",30,"08","OH",39,4629051298,790899,790899,591369,105385,2670,23953,790899,39240,751659,584524,104369,23833,83548.532808021,516638,148002
"OH09","Lean Dem","","D",13,"09","OH",39,6783278800,791104,791104,609000,96610,2409,10450,791104,57024,734080,589899,94468,10310,73911.6531075067,541832,136401
"OH10","R","","R",24,"10","OH",39,2552848572,778998,778998,556860,136301,2063,18902,778998,29479,749519,549926,135096,18744,74549.5261188124,526949,156350
"OH11","D","","D",55,"11","OH",39,559578491,787476,787476,332955,351088,2262,23300,787476,61840,725636,321304,346088,23080,65480.53829816,541508,160986
"OH12","R","","R",39,"12","OH",39,14159764720,786378,786378,696573,30772,1818,12399,786378,15374,771004,692073,30250,12290,79658.6615966953,523998,132764
"OH13","Toss Up","Flipped to D","D",5,"13","OH",39,1596337525,785372,785372,600151,102323,1858,25349,785372,20947,764425,594877,101201,25214,78987.2476495609,550909,170035
"OH14","R","","R",24,"14","OH",39,6312173193,789342,789342,685044,40947,1378,8827,789342,25199,764143,678492,40219,8758,77262.4832979793,547812,140646
"OH15","R","","R",14,"15","OH",39,5049662357,789683,789683,585421,88990,2553,33069,789683,48572,741111,576870,87506,32912,82752.4487885335,527634,163950
"OK01","R","","R",26,"01","OK",40,3140637403,800294,800294,481617,70792,52347,27386,800294,109624,690670,460685,69441,27070,83267.6014461774,509361,156157
"OK02","R","","R",49,"02","OK",40,56047596517,797645,797645,493174,24560,147681,6156,797645,44804,752841,482219,24125,6089,61546.2047626751,560605,103060
"OK03","R","","R",49,"03","OK",40,83757884603,784051,784051,505340,39633,48430,11571,784051,159988,624063,470042,38313,11303,64383.1623669605,502795,104193
"OK04","R","","R",33,"04","OK",40,25200370013,787022,787022,525676,61679,49160,19511,787022,79301,707721,503233,59623,19161,74056.9635333554,508905,132200
"OK05","R","","R",22,"05","OK",40,9850942612,807475,807475,520133,93869,36249,26656,807475,80612,726863,501524,92273,26361,88109.0354604958,530014,187292
"OR01","D","","D",36,"01","OR",41,8679835355,691354,691354,474419,14787,7327,67051,691354,103451,587903,453355,14079,66398,106277.372490066,486101,221512
"OR02","R","","R",35,"02","OR",41,184150020092,709604,709604,560448,4790,17230,7652,709604,102886,606718,535183,4350,7417,70608.7539278307,494212,110483
"OR03","D","","D",44,"03","OR",41,3488873770,728898,728898,491195,40580,9169,55451,728898,101785,627113,471616,39211,54831,92425.4838695843,521163,203930
"OR04","Lean Dem","","D",7,"04","OR",41,32726464334,705735,705735,575989,6564,10691,18678,705735,62596,643139,557863,6131,18338,73469.3323126276,485977,150675
"OR05","Lean Rep","Flipped to R","R",2,"05","OR",41,14700545590,727964,727964,587048,6838,7275,20991,727964,79818,648146,567918,6420,20645,97140.2069700895,510334,175615
"OR06","Toss Up","","D",2,"06","OR",41,4882687723,673701,673701,479997,9096,11301,24715,673701,138221,535480,450223,8467,24168,89839.2275623841,447043,150829
"PA01","R","","R",10,"01","PA",42,1812672999,764767,764767,620477,31425,1398,48259,764767,46453,718314,610796,30162,48058,120982.700419788,532035,223307
"PA02","D","","D",51,"02","PA",42,166243138,770369,770369,313157,197608,3682,73346,770369,189024,581345,288751,187058,72592,68846.4048091011,518245,127919
"PA03","D","","D",90,"03","PA",42,144647022,803371,803371,266232,407394,2557,56883,803371,52295,751076,258332,401296,56501,76806.9206067447,522818,202640
"PA04","D","","D",23,"04","PA",42,1884044883,767484,767484,592554,63301,1388,47084,767484,44873,722611,583616,61234,46861,122181.445038429,528025,242411
"PA05","D","","D",30,"05","PA",42,595647611,755427,755427,448116,187102,1914,52006,755427,47178,708249,441324,184074,51796,107730.24851273,500351,199991
"PA06","D","","D",17,"06","PA",42,2465612560,782186,782186,564798,46976,3337,39485,782186,128069,654117,542479,42383,39225,122276.845057065,502756,231917
"PA07","Toss Up","","D",2,"07","PA",42,3008617527,779087,779087,562563,49439,2587,24989,779087,149142,629945,533985,42468,24612,90012.0490706476,519489,155026
"PA08","Toss Up","","D",2,"08","PA",42,7338020515,773662,773662,597794,53960,2404,15952,773662,100988,672674,578704,48479,15632,74623.4334083075,539044,137628
"PA09","R","","R",39,"09","PA",42,15770648791,771398,771398,686254,19344,1379,7191,771398,45105,726293,675126,17777,7072,71969.801872172,537490,112089
"PA10","R","","R",8,"10","PA",42,3679228101,816306,816306,601536,85340,2078,35591,816306,76409,739897,586865,80281,35321,86616.8764113864,523796,165946
"PA11","R","","R",23,"11","PA",42,4056163931,789386,789386,658156,30980,1835,17148,789386,75079,714307,642907,27560,16901,88379.1204155622,512751,142534
"PA12","Likely Dem","","D",12,"12","PA",42,1058077508,759818,759818,557844,116658,1279,34673,759818,21071,738747,552758,115174,34512,78970.5303506399,535669,205889
"PA13","R","","R",100,"13","PA",42,16284115764,759576,759576,686973,19305,1454,5325,759576,27850,731726,680495,18537,5222,71380.8016388288,538332,110580
"PA14","R","","R",100,"14","PA",42,12334709608,768987,768987,698751,25668,1109,5063,768987,12236,756751,695071,25204,5017,74425.5224009783,559121,140064
"PA15","R","","R",40,"15","PA",42,33820279780,768066,768066,701422,15489,1137,14723,768066,16789,751277,694937,14858,14650,69651.1664299887,539547,129384
"PA16","R","","R",19,"16","PA",42,10184031114,794387,794387,695773,36761,1151,11580,794387,21647,772740,689276,35611,11519,74891.3759618364,537158,150820
"PA17","Toss Up","","D",6,"17","PA",42,2312394104,763125,763125,629239,59873,967,26676,763125,18396,744729,624756,59088,26598,94187.266668929,543371,228372
"RI01","D","","D",28,"01","RI",44,695198790,545499,545499,368356,37382,3284,20699,545499,98082,447417,351964,33581,20421,90886.8658142744,365756,131507
"RI02","Toss Up","","D",4,"02","RI",44,1982560429,551880,551880,414564,24786,4101,18262,551880,84019,467861,402086,21805,17946,93923.6377517066,375614,128137
"SC01","R","","R",14,"01","SC",45,6364677149,718368,718368,501338,122184,3295,13321,718368,59002,659366,489983,120696,13110,99857.3295332989,496741,195046
"SC02","R","","R",20,"02","SC",45,8437927865,738650,738650,457840,189535,3305,16006,738650,51664,686986,448784,187365,15877,80768.0647216282,504564,168879
"SC03","R","","R",100,"03","SC",45,14555622628,730716,730716,532318,125159,2472,8026,730716,42799,687917,523956,124210,7944,70214.6010206888,497248,118598
"SC04","R","","R",100,"04","SC",45,3182446207,719125,719125,473188,133591,3353,18690,719125,76378,642747,460642,132044,18487,81483.3166824659,477151,158530
"SC05","R","","R",30,"05","SC",45,13465681127,751111,751111,487011,183159,4037,14802,751111,41233,709878,478547,181616,14645,75440.6114277017,507866,129063
"SC06","D","","D",24,"06","SC",45,18119754046,739432,739432,324266,339537,3459,11803,739432,46146,693286,316337,337019,11631,63787.8808505022,499070,132056
"SC07","R","","R",30,"07","SC",45,14121334838,733594,733594,475640,190603,4434,8053,733594,36258,697336,468344,189295,7934,64994.632578222,529986,116134
"SD00","R","","R",55,"00","SD",46,196345992286,886667,886667,715336,17842,77748,13476,886667,38741,847926,705583,17441,13332,77932.4419307918,580244,169991
"TN01","R","","R",59,"01","TN",47,11297857098,770492,770492,686053,16884,2765,6432,770492,37395,733097,677115,16431,6323,63593.6725824713,548747,114583
"TN02","R","","R",36,"02","TN",47,6724263938,769332,769332,640781,45153,2996,13994,769332,41539,727793,632112,44556,13882,78715.6976040578,518925,165410
"TN03","R","","R",38,"03","TN",47,10205031817,763273,763273,602029,77666,3368,11506,763273,44498,718775,592847,76994,11406,74139.5717205909,537395,139357
"TN04","R","","R",45,"04","TN",47,16619326008,764744,764744,592202,71388,3613,15189,764744,61624,703120,579843,70494,15004,73244.4322514902,492685,115008
"TN05","Likely Rep","Flipped to R","R",14,"05","TN",47,5569406409,743980,743980,526284,89306,3146,31607,743980,76721,667259,513745,88285,31430,106332.149877168,478467,208105
"TN06","R","","R",33,"06","TN",47,15138100092,782517,782517,614903,72538,3853,9304,782517,62731,719786,603910,71698,9195,71771.5393504998,537483,135302
"TN07","R","","R",22,"07","TN",47,15296851094,782606,782606,561957,122740,3201,15783,782606,56469,726137,548139,120897,15501,82956.4337474012,505449,157970
"TN08","R","","R",49,"08","TN",47,23927946896,770139,770139,561074,140246,2122,16472,770139,28037,742102,554765,139523,16377,81792.0051021806,524542,142081
"TN09","D","","D",44,"09","TN",47,2029637611,778308,778308,206926,469084,3036,15629,778308,70772,707536,198981,466907,15483,63462.1362127918,506154,131156
"TX01","R","","R",56,"01","TX",48,24175051398,755372,755372,478852,133261,5765,8934,755372,129574,625798,451860,131713,8781,72491.2816383134,506477,109347
"TX02","R","","R",32,"02","TX",48,1606095678,764384,764384,428953,90131,7115,34997,764384,229519,534865,377301,87653,34291,117152.793588054,464941,175717
"TX03","R","","R",24,"03","TX",48,3811126426,766125,766125,455416,74161,5865,101373,766125,122947,643178,427982,72599,100800,126995.572785176,470572,223660
"TX04","R","","R",36,"04","TX",48,14027065153,826505,826505,517404,75268,8214,92765,826505,122042,704463,490597,73825,92319,106299.20030044,512191,210365
"TX05","R","","R",30,"05","TX",48,9424206603,780775,780775,419468,111478,8553,35426,780775,232401,548374,371585,109322,34977,82390.9193782824,488432,104285
"TX06","R","","R",100,"06","TX",48,14866700754,759476,759476,390248,103555,8838,27541,759476,258440,501036,341432,101329,27185,82777.2659059965,470641,104706
"TX07","D","","D",28,"07","TX",48,385864327,801697,801697,259984,153710,7117,163061,801697,240137,561560,219702,150374,162031,110165.074248123,541484,260393
"TX08","R","","R",38,"08","TX",48,6560045187,736333,736333,377133,92626,8843,40034,736333,247424,488909,328841,89851,39346,94043.8559977318,452989,128115
"TX09","D","","D",53,"09","TX",48,567314631,754947,754947,147818,270309,8429,73338,754947,299733,455214,95901,265743,72664,76999.9056209442,481799,147933
"TX10","R","","R",29,"10","TX",48,19733040068,768067,768067,470761,77917,5621,41492,768067,195337,572730,423376,75585,41035,98148.7448380838,454117,167906
"TX11","R","","R",100,"11","TX",48,50423071961,784481,784481,430098,88316,7097,16064,784481,309430,475051,338677,83192,15390,82894.88257102,476711,106905
"TX12","R","","R",29,"12","TX",48,2764301999,743651,743651,455222,84721,6317,31893,743651,184725,558926,408362,82471,31342,95646.0598446815,470555,150747
"TX13","R","","R",51,"13","TX",48,90753138159,769591,769591,506140,53171,8288,20059,769591,216332,553259,445982,50752,19506,73439.1928856201,494579,118919
"TX14","R","","R",37,"14","TX",48,6221026577,762541,762541,450805,118833,5783,22675,762541,192568,569973,401771,116329,22219,88193.4997925349,503236,118761
"TX15","Likely Rep","Flipped to R","R",9,"15","TX",48,16579494584,771818,771818,317358,9202,5569,8789,771818,624718,147100,121325,7757,8386,67021.0947748152,444362,90568
"TX16","D","","D",27,"16","TX",48,1261845508,811603,811603,295283,26012,8938,11357,811603,672343,139260,92331,21713,10059,65797.3013807677,453574,112710
"TX17","R","","R",33,"17","TX",48,27765391888,786185,786185,464909,121653,6288,20207,786185,196992,589193,418139,118236,19776,72622.0754766978,502346,118221
"TX18","D","","D",44,"18","TX",48,578193571,778224,778224,195727,251586,10078,39232,778224,334024,444200,135692,247362,38631,79187.3770827019,499610,131457
"TX19","R","","R",61,"19","TX",48,78824890516,775018,775018,494446,51681,7231,14195,775018,294682,480336,391644,48109,13776,72301.8873680589,478144,112969
"TX20","D","","D",37,"20","TX",48,547701106,780312,780312,324317,50289,9871,28498,780312,539922,240390,144556,45265,27052,67007.9455582029,508919,121222
"TX21","R","","R",26,"21","TX",48,16425910382,773354,773354,520188,28476,5765,20116,773354,239616,533738,452695,26088,19233,105050.673113663,517337,214595
"TX22","R","","R",27,"22","TX",48,8162230896,714295,714295,350093,80878,4141,99091,714295,204664,509631,303467,78636,98357,120555.456669452,440516,186128
"TX23","R","","R",17,"23","TX",48,151794103510,778444,778444,375904,28441,8014,19550,778444,496793,281651,215281,25443,18642,86141.6091269573,451136,124608
"TX24","R","","R",20,"24","TX",48,701376528,780035,780035,504800,58585,5084,69090,780035,138859,641176,474079,56899,68495,142190.777274132,530305,269678
"TX25","R","","R",100,"25","TX",48,22301812735,774163,774163,482683,97091,6903,26391,774163,174647,599516,441725,94845,25979,84857.6816229293,503735,143204
"TX26","R","","R",39,"26","TX",48,5249956239,767180,767180,467757,68536,6570,75035,767180,148996,618184,434723,66822,74486,120459.310980153,489475,211942
"TX27","R","","R",29,"27","TX",48,26987746022,765427,765427,437872,34363,6469,13369,765427,410445,354982,289576,31036,12788,75941.9683787296,507193,97330
"TX28","Toss Up","","D",13,"28","TX",48,29401165304,758485,758485,330814,35868,6830,7266,758485,575724,182761,126680,32992,6628,67658.5090974225,456221,83262
"TX29","D","","D",43,"29","TX",48,541953814,776810,776810,192082,109253,12624,20158,776810,572492,204318,66571,105874,19577,61113.2628471894,474293,54067
"TX30","D","","D",53,"30","TX",48,947446256,811387,811387,201266,322488,8737,30728,811387,292861,518526,145372,318336,30185,77578.8440463454,484978,132182
"TX31","R","","R",100,"31","TX",48,14991095321,776109,776109,504417,62412,6249,36552,776109,179241,596868,457294,59008,35823,95521.0623542424,479801,159904
"TX32","D","","D",31,"32","TX",48,413172269,797681,797681,310993,153567,9144,65159,797681,298503,499178,254564,150908,64548,84549.7074052237,501526,183638
"TX33","D","","D",46,"33","TX",48,574526984,766482,766482,201197,145124,9969,64126,766482,427697,338785,113744,142026,63646,66437.08124968,469148,99479
"TX34","Toss Up","Flipped to D","D",8,"34","TX",48,10589712126,773678,773678,297177,4749,5515,5309,773678,697720,75958,61933,3424,4926,56665.7084607811,450038,77848
"TX35","D","","D",45,"35","TX",48,1520443535,787000,787000,327105,95509,10740,23973,787000,435452,351548,209837,89581,22948,74096.4796053977,482813,130952
"TX36","R","","R",39,"36","TX",48,15666774064,767746,767746,437953,97118,6612,29862,767746,235064,532682,378952,94811,29363,85191.7976937515,486683,111711
"TX37","D","","D",56,"37","TX",48,883047115,824494,824494,485320,47366,7022,80154,824494,229628,594866,430719,44688,79253,111412.023931375,532919,311170
"TX38","R","","R",28,"38","TX",48,855381576,796611,796611,435876,81176,6489,84620,796611,205693,590918,393562,78722,83761,134653.234242559,516055,255574
"UT01","R","","R",34,"01","UT",49,26487654354,843503,843503,691702,10287,6989,18701,843503,109821,733682,664796,9396,18137,95716.5351875823,488532,179364
"UT02","R","","R",26,"02","UT",49,103532583568,798925,798925,594439,12939,11200,21024,798925,150739,648186,563753,12238,20621,83022.6597008273,479035,141106
"UT03","R","","R",35,"03","UT",49,76364275563,817888,817888,660016,6016,16120,18726,817888,100806,717082,637460,5503,18345,102944.420783632,460403,189737
"UT04","R","","R",29,"04","UT",49,6970545253,811300,811300,627256,10816,7335,21987,811300,131546,679754,599346,10055,21515,96392.3255393112,440502,137863
"VA01","R","","R",14,"01","VA",51,7805824773,788611,788611,564693,103198,2969,46138,788611,43032,745579,555614,101491,45925,116099.444911532,533572,244832
"VA02","Toss Up","Flipped to R","R",3,"02","VA",51,5671035545,784797,784797,474107,176512,3259,42341,784797,58565,726232,460706,172401,41603,100137.534641814,527599,185510
"VA03","D","","D",35,"03","VA",51,664253942,787940,787940,321940,345931,4119,24396,787940,65575,722365,308240,339283,23897,73682.4419947702,503491,137667
"VA04","D","","D",29,"04","VA",51,8763905033,779668,779668,338688,322326,4155,18342,779668,76671,702997,328266,318170,18091,77272.4086679759,537684,158185
"VA05","R","","R",15,"05","VA",51,25165244107,834067,834067,573512,174637,2740,20808,834067,35878,798189,565744,173179,20672,82004.8031548061,546706,172812
"VA06","R","","R",29,"06","VA",51,16281035038,829597,829597,654338,66946,3208,14114,829597,71374,758223,640710,65331,13924,79514.4284757947,538491,140900
"VA07","Toss Up","","D",5,"07","VA",51,7042572749,796299,796299,427502,161358,5232,41635,796299,137984,658315,406006,157456,41097,113846.910462312,501266,177360
"VA08","D","","D",49,"08","VA",51,381122946,792147,792147,411659,99624,6142,98502,792147,161339,630808,390935,97478,97748,149237.139595355,566436,362240
"VA09","R","","R",47,"09","VA",51,25820198113,779543,779543,676611,44588,1640,13242,779543,23446,756097,669773,43881,13136,65111.7376738826,561488,123722
"VA10","Likely Dem","","D",7,"10","VA",51,4390306693,795048,795048,438415,67015,4072,124766,795048,140082,654966,418581,65189,124108,157972.462468428,498109,262756
"VA11","D","","D",34,"11","VA",51,635618990,764992,764992,389967,64264,3034,175170,764992,107932,657060,373961,62692,174386,168750.325830376,517107,338506
"VT00","D","","D",35,"00","VT",50,23873081385,643077,643077,577751,9034,2289,11549,643077,15504,627573,573201,8649,11457,83766.4894807724,442089,175328
"WA01","D","","D",27,"01","WA",53,972239907,757142,757142,470459,19092,5636,149245,757142,72475,684667,455872,18457,148549,137969.515264502,518800,251199
"WA02","D","","D",21,"02","WA",53,11326381857,797398,797398,565222,22496,16010,59310,797398,100286,697112,544910,21669,58562,91801.293096505,536158,175992
"WA03","Lean Rep","Flipped to D","D",0.94,"03","WA",53,18866626186,761634,761634,592355,13243,8932,27846,761634,84179,677455,572702,12567,27386,89327.9692745275,506400,135891
"WA04","R","","R",36,"04","WA",53,46641073625,780812,780812,445610,7585,25365,13314,780812,318705,462107,391405,6533,12712,78761.4328587359,460523,103285
"WA05","R","","R",19,"05","WA",53,48857509664,790910,790910,639521,14335,14642,18499,790910,67339,723571,621560,13650,18138,78029.4240952866,509419,154258
"WA06","D","","D",21,"06","WA",53,18061738556,781125,781125,583556,27075,18959,33880,781125,69783,711342,564985,25752,33056,91040.123904104,550044,173902
"WA07","D","","D",71,"07","WA",53,376257165,786467,786467,507864,40101,5852,115069,786467,72657,713810,492754,39013,114153,133471.331384116,568080,363133
"WA08","Toss Up","","D",7,"08","WA",53,25406344907,782463,782463,555173,16360,8712,80406,782463,82272,700191,538428,15692,79781,129368.542451725,520600,203876
"WA09","D","","D",43,"09","WA",53,475835702,769161,769161,326582,94999,7530,180104,769161,112949,656212,310823,93063,178963,112673.105800775,517833,196268
"WA10","D","","D",14,"10","WA",53,1936667060,784341,784341,495144,55247,11831,59687,784341,101653,682688,472158,52632,58446,89115.8882415011,511914,149434
"WI01","R","","R",9,"01","WI",55,4163869784,728321,728321,566224,48207,3713,14764,728321,90637,637684,543448,46263,14532,82241.3285678823,494735,140461
"WI02","D","","D",44,"02","WI",55,11083454086,758756,758756,609266,34563,3758,37385,758756,54297,704459,598053,33684,37204,93138.4351547897,488452,217419
"WI03","Likely Rep","Flipped to R","R",4,"03","WI",55,28366915510,710865,710865,640059,9034,5333,16809,710865,24069,686796,633314,8738,16695,75027.9679929515,465205,124700
"WI04","D","","D",53,"04","WI",55,369753518,754375,754375,338502,241505,6416,37060,754375,133437,620938,312263,236520,36679,68716.5516246085,487845,149945
"WI05","R","","R",29,"05","WI",55,5375366783,724312,724312,634617,12300,2406,21321,724312,42348,681964,622905,11814,21172,104084.180802783,510105,192783
"WI06","R","","R",100,"06","WI",55,13064970748,735421,735421,644385,16627,3790,19202,735421,39567,695854,633464,16060,19081,81337.8747329637,506569,138038
"WI07","R","","R",24,"07","WI",55,60529239830,761878,761878,687918,5897,15764,12490,761878,19442,742436,682345,5680,12379,76250.38912114,528033,127724
"WI08","R","","R",57,"08","WI",55,17452539998,747488,747488,635566,12862,19507,17519,747488,45957,701531,626613,12425,17371,81942.9973899263,501174,135477
"WV01","R","","R",38,"01","WV",54,37140659722,896067,896067,809910,36790,1799,6209,896067,11331,884736,805369,36345,6132,60212.0732183094,651252,127565
"WV02","R","","R",31,"02","WV",54,25125637043,897649,897649,800839,29023,1907,8900,897649,23496,874153,793465,28404,8771,70728.2807041103,632617,145860
"WY00","R","","R",45,"00","WY",56,256611155466,582472,582472,492965,5243,14363,5240,582472,59439,523033,474161,4744,5065,83583.4534860289,392819,110699
